id;official_id;official_id_content_type;first_name;last_name;picture;picture_content_type
1;../fake-data/blob/hipster.png;image/png;Christine;Quitzon;../fake-data/blob/hipster.png;image/png
2;../fake-data/blob/hipster.png;image/png;Eleazar;Breitenberg;../fake-data/blob/hipster.png;image/png
3;../fake-data/blob/hipster.png;image/png;Pearline;Mann;../fake-data/blob/hipster.png;image/png
4;../fake-data/blob/hipster.png;image/png;Christop;Gaylord;../fake-data/blob/hipster.png;image/png
5;../fake-data/blob/hipster.png;image/png;Terrell;Windler;../fake-data/blob/hipster.png;image/png
6;../fake-data/blob/hipster.png;image/png;Herbert;Kub;../fake-data/blob/hipster.png;image/png
7;../fake-data/blob/hipster.png;image/png;Ashlee;Schoen;../fake-data/blob/hipster.png;image/png
8;../fake-data/blob/hipster.png;image/png;Raven;Lowe;../fake-data/blob/hipster.png;image/png
9;../fake-data/blob/hipster.png;image/png;Garfield;Baumbach;../fake-data/blob/hipster.png;image/png
10;../fake-data/blob/hipster.png;image/png;Juliana;Nader;../fake-data/blob/hipster.png;image/png
