id;name;file;file_content_type
1;deploy Advanced;../fake-data/blob/hipster.png;image/png
2;New Mexico;../fake-data/blob/hipster.png;image/png
3;Pakistan Rupee;../fake-data/blob/hipster.png;image/png
4;connect Berkshire;../fake-data/blob/hipster.png;image/png
5;XSS Suriname;../fake-data/blob/hipster.png;image/png
6;Lead cross-platform;../fake-data/blob/hipster.png;image/png
7;enable;../fake-data/blob/hipster.png;image/png
8;Moldova Operative;../fake-data/blob/hipster.png;image/png
9;Investment Account generate;../fake-data/blob/hipster.png;image/png
10;synthesize capacitor Andorra;../fake-data/blob/hipster.png;image/png
