id;date;signature;signature_content_type
1;2019-09-26T04:46:49;../fake-data/blob/hipster.png;image/png
2;2019-09-26T09:54:29;../fake-data/blob/hipster.png;image/png
3;2019-09-26T05:53:37;../fake-data/blob/hipster.png;image/png
4;2019-09-26T02:43:30;../fake-data/blob/hipster.png;image/png
5;2019-09-26T10:17:10;../fake-data/blob/hipster.png;image/png
6;2019-09-26T10:05:27;../fake-data/blob/hipster.png;image/png
7;2019-09-26T06:15:08;../fake-data/blob/hipster.png;image/png
8;2019-09-26T08:38:51;../fake-data/blob/hipster.png;image/png
9;2019-09-26T05:06:02;../fake-data/blob/hipster.png;image/png
10;2019-09-26T13:42:54;../fake-data/blob/hipster.png;image/png
